"day","year","Adoxophyes_honmai"
64,1961,0
69,1961,0
74,1961,1
79,1961,3
84,1961,0
89,1961,0
95,1961,4
100,1961,0
105,1961,0
110,1961,0
115,1961,2
120,1961,11
125,1961,12
130,1961,12
135,1961,11
140,1961,3
145,1961,1
150,1961,15
156,1961,1
161,1961,50
166,1961,172
171,1961,162
176,1961,170
181,1961,73
186,1961,24
191,1961,15
196,1961,2
201,1961,40
206,1961,56
211,1961,120
217,1961,43
222,1961,24
227,1961,20
232,1961,54
237,1961,8
242,1961,12
248,1961,7
253,1961,25
258,1961,17
263,1961,23
268,1961,26
273,1961,18
278,1961,9
283,1961,6
288,1961,0
293,1961,9
298,1961,1
303,1961,1
309,1961,0
314,1961,2
319,1961,0
324,1961,2
329,1961,0
334,1961,0
64,1962,0
69,1962,0
74,1962,1
79,1962,1
84,1962,0
89,1962,2
95,1962,0
100,1962,0
105,1962,0
110,1962,1
115,1962,5
120,1962,0
125,1962,0
130,1962,8
135,1962,5
140,1962,24
145,1962,10
150,1962,1
156,1962,0
161,1962,0
166,1962,0
171,1962,9
176,1962,376
181,1962,33
186,1962,0
191,1962,0
196,1962,7
201,1962,5
206,1962,18
211,1962,53
217,1962,334
222,1962,525
227,1962,163
232,1962,45
237,1962,20
242,1962,18
248,1962,5
253,1962,7
258,1962,28
263,1962,118
268,1962,128
273,1962,93
278,1962,45
283,1962,10
288,1962,8
293,1962,8
298,1962,4
303,1962,16
309,1962,5
314,1962,1
319,1962,4
324,1962,4
329,1962,0
334,1962,0
64,1963,0
69,1963,2
74,1963,0
79,1963,0
84,1963,0
89,1963,0
95,1963,1
100,1963,16
105,1963,8
110,1963,4
115,1963,0
120,1963,1
125,1963,2
130,1963,7
135,1963,2
140,1963,5
145,1963,24
150,1963,18
156,1963,105
161,1963,199
166,1963,157
171,1963,162
176,1963,345
181,1963,74
186,1963,30
191,1963,1
196,1963,20
201,1963,518
206,1963,653
211,1963,520
217,1963,19
222,1963,7
227,1963,54
232,1963,8
237,1963,35
242,1963,25
248,1963,3
253,1963,2
258,1963,33
263,1963,201
268,1963,37
273,1963,57
278,1963,10
283,1963,34
288,1963,37
293,1963,2
298,1963,15
303,1963,26
309,1963,2
314,1963,20
319,1963,3
324,1963,3
329,1963,0
334,1963,0
64,1964,0
69,1964,0
74,1964,0
79,1964,0
84,1964,0
89,1964,32
95,1964,18
100,1964,1
105,1964,50
110,1964,82
115,1964,141
120,1964,11
125,1964,19
130,1964,5
135,1964,0
140,1964,9
145,1964,175
150,1964,68
156,1964,17
161,1964,46
166,1964,401
171,1964,153
176,1964,4
181,1964,0
186,1964,25
191,1964,15
196,1964,88
201,1964,51
206,1964,34
211,1964,183
217,1964,89
222,1964,41
227,1964,56
232,1964,4
237,1964,5
242,1964,22
248,1964,34
253,1964,50
258,1964,62
263,1964,66
268,1964,94
273,1964,197
278,1964,63
283,1964,22
288,1964,7
293,1964,2
298,1964,0
303,1964,3
309,1964,5
314,1964,1
319,1964,0
324,1964,1
329,1964,1
334,1964,3
64,1965,0
69,1965,0
74,1965,0
79,1965,0
84,1965,9
89,1965,1
95,1965,1
100,1965,1
105,1965,1
110,1965,5
115,1965,71
120,1965,41
125,1965,26
130,1965,29
135,1965,12
140,1965,13
145,1965,18
150,1965,11
156,1965,2
161,1965,2
166,1965,59
171,1965,43
176,1965,717
181,1965,328
186,1965,61
191,1965,54
196,1965,7
201,1965,5
206,1965,20
211,1965,39
217,1965,255
222,1965,415
227,1965,624
232,1965,303
237,1965,123
242,1965,39
248,1965,19
253,1965,4
258,1965,26
263,1965,114
268,1965,474
273,1965,140
278,1965,76
283,1965,103
288,1965,204
293,1965,12
298,1965,59
303,1965,113
309,1965,10
314,1965,6
319,1965,4
324,1965,11
329,1965,3
334,1965,0
64,1966,24
69,1966,14
74,1966,12
79,1966,4
84,1966,3
89,1966,5
95,1966,24
100,1966,2
105,1966,6
110,1966,6
115,1966,9
120,1966,16
125,1966,0
130,1966,11
135,1966,6
140,1966,3
145,1966,0
150,1966,55
156,1966,148
161,1966,110
166,1966,87
171,1966,171
176,1966,42
181,1966,11
186,1966,1
191,1966,1
196,1966,34
201,1966,252
206,1966,370
211,1966,318
217,1966,385
222,1966,174
227,1966,17
232,1966,16
237,1966,19
242,1966,19
248,1966,12
253,1966,74
258,1966,81
263,1966,28
268,1966,18
273,1966,34
278,1966,48
283,1966,71
288,1966,99
293,1966,14
298,1966,28
303,1966,18
309,1966,9
314,1966,28
319,1966,5
324,1966,0
329,1966,1
334,1966,1
64,1967,0
69,1967,0
74,1967,0
79,1967,5
84,1967,0
89,1967,0
95,1967,2
100,1967,12
105,1967,19
110,1967,7
115,1967,7
120,1967,96
125,1967,65
130,1967,25
135,1967,13
140,1967,4
145,1967,1
150,1967,12
156,1967,20
161,1967,78
166,1967,196
171,1967,226
176,1967,229
181,1967,154
186,1967,53
191,1967,29
196,1967,12
201,1967,8
206,1967,42
211,1967,424
217,1967,416
222,1967,334
227,1967,51
232,1967,32
237,1967,17
242,1967,45
248,1967,78
253,1967,89
258,1967,57
263,1967,28
268,1967,151
273,1967,283
278,1967,175
283,1967,76
288,1967,72
293,1967,29
298,1967,13
303,1967,20
309,1967,97
314,1967,51
319,1967,10
324,1967,3
329,1967,6
334,1967,96
64,1968,1
69,1968,2
74,1968,0
79,1968,15
84,1968,20
89,1968,29
95,1968,35
100,1968,52
105,1968,21
110,1968,59
115,1968,37
120,1968,67
125,1968,136
130,1968,109
135,1968,42
140,1968,122
145,1968,18
150,1968,7
156,1968,14
161,1968,23
166,1968,111
171,1968,372
176,1968,618
181,1968,448
186,1968,82
191,1968,20
196,1968,37
201,1968,6
206,1968,37
211,1968,189
217,1968,771
222,1968,1325
227,1968,567
232,1968,363
237,1968,113
242,1968,26
248,1968,20
253,1968,90
258,1968,283
263,1968,335
268,1968,139
273,1968,866
278,1968,478
283,1968,283
288,1968,41
293,1968,13
298,1968,3
303,1968,2
309,1968,13
314,1968,4
319,1968,1
324,1968,12
329,1968,5
334,1968,12
64,1969,0
69,1969,0
74,1969,0
79,1969,1
84,1969,8
89,1969,27
95,1969,3
100,1969,10
105,1969,113
110,1969,5
115,1969,54
120,1969,14
125,1969,10
130,1969,5
135,1969,1
140,1969,0
145,1969,0
150,1969,18
156,1969,40
161,1969,44
166,1969,80
171,1969,334
176,1969,220
181,1969,73
186,1969,42
191,1969,3
196,1969,38
201,1969,91
206,1969,164
211,1969,118
217,1969,215
222,1969,248
227,1969,149
232,1969,89
237,1969,18
242,1969,27
248,1969,23
253,1969,39
258,1969,20
263,1969,51
268,1969,60
273,1969,34
278,1969,56
283,1969,23
288,1969,39
293,1969,76
298,1969,23
303,1969,15
309,1969,21
314,1969,4
319,1969,7
324,1969,12
329,1969,5
334,1969,0
64,1970,0
69,1970,0
74,1970,0
79,1970,0
84,1970,0
89,1970,5
95,1970,0
100,1970,6
105,1970,6
110,1970,23
115,1970,39
120,1970,73
125,1970,141
130,1970,61
135,1970,83
140,1970,27
145,1970,16
150,1970,5
156,1970,0
161,1970,10
166,1970,26
171,1970,263
176,1970,469
181,1970,494
186,1970,303
191,1970,77
196,1970,48
201,1970,4
206,1970,16
211,1970,340
217,1970,1273
222,1970,1022
227,1970,509
232,1970,343
237,1970,160
242,1970,41
248,1970,28
253,1970,26
258,1970,93
263,1970,165
268,1970,64
273,1970,312
278,1970,113
283,1970,86
288,1970,107
293,1970,93
298,1970,19
303,1970,1
309,1970,3
314,1970,7
319,1970,20
324,1970,3
329,1970,0
334,1970,13
64,1971,0
69,1971,0
74,1971,0
79,1971,1
84,1971,0
89,1971,6
95,1971,95
100,1971,178
105,1971,361
110,1971,100
115,1971,200
120,1971,73
125,1971,181
130,1971,80
135,1971,55
140,1971,42
145,1971,4
150,1971,2
156,1971,71
161,1971,948
166,1971,762
171,1971,558
176,1971,130
181,1971,63
186,1971,18
191,1971,9
196,1971,168
201,1971,263
206,1971,473
211,1971,764
217,1971,34
222,1971,10
227,1971,41
232,1971,15
237,1971,19
242,1971,11
248,1971,13
253,1971,32
258,1971,43
263,1971,159
268,1971,114
273,1971,107
278,1971,95
283,1971,59
288,1971,20
293,1971,27
298,1971,44
303,1971,8
309,1971,27
314,1971,51
319,1971,64
324,1971,5
329,1971,4
334,1971,46
64,1972,0
69,1972,4
74,1972,0
79,1972,23
84,1972,44
89,1972,16
95,1972,124
100,1972,62
105,1972,7
110,1972,49
115,1972,46
120,1972,12
125,1972,3
130,1972,8
135,1972,1
140,1972,0
145,1972,0
150,1972,5
156,1972,105
161,1972,24
166,1972,349
171,1972,249
176,1972,103
181,1972,6
186,1972,3
191,1972,5
196,1972,5
201,1972,195
206,1972,104
211,1972,1123
217,1972,648
222,1972,86
227,1972,14
232,1972,14
237,1972,19
242,1972,66
248,1972,97
253,1972,117
258,1972,98
263,1972,114
268,1972,81
273,1972,65
278,1972,35
283,1972,58
288,1972,76
293,1972,5
298,1972,12
303,1972,24
309,1972,62
314,1972,22
319,1972,17
324,1972,2
329,1972,0
334,1972,0
64,1973,0
69,1973,0
74,1973,4
79,1973,1
84,1973,0
89,1973,98
95,1973,14
100,1973,77
105,1973,29
110,1973,55
115,1973,92
120,1973,25
125,1973,1
130,1973,8
135,1973,3
140,1973,3
145,1973,6
150,1973,53
156,1973,252
161,1973,1560
166,1973,2633
171,1973,1663
176,1973,702
181,1973,95
186,1973,14
191,1973,16
196,1973,60
201,1973,376
206,1973,3242
211,1973,2627
217,1973,562
222,1973,44
227,1973,2
232,1973,26
237,1973,92
242,1973,2331
248,1973,669
253,1973,365
258,1973,51
263,1973,27
268,1973,2
273,1973,4
278,1973,43
283,1973,3
288,1973,4
293,1973,28
298,1973,19
303,1973,52
309,1973,36
314,1973,11
319,1973,8
324,1973,2
329,1973,1
334,1973,1
64,1974,3
69,1974,0
74,1974,0
79,1974,0
84,1974,0
89,1974,1
95,1974,4
100,1974,1
105,1974,12
110,1974,88
115,1974,5
120,1974,41
125,1974,34
130,1974,114
135,1974,84
140,1974,24
145,1974,10
150,1974,5
156,1974,56
161,1974,225
166,1974,230
171,1974,469
176,1974,757
181,1974,171
186,1974,19
191,1974,19
196,1974,1
201,1974,11
206,1974,276
211,1974,593
217,1974,309
222,1974,130
227,1974,64
232,1974,25
237,1974,40
242,1974,14
248,1974,49
253,1974,145
258,1974,126
263,1974,96
268,1974,28
273,1974,54
278,1974,30
283,1974,65
288,1974,30
293,1974,14
298,1974,11
303,1974,61
309,1974,20
314,1974,21
319,1974,5
324,1974,0
329,1974,0
334,1974,8
64,1975,0
69,1975,5
74,1975,3
79,1975,0
84,1975,0
89,1975,0
95,1975,0
100,1975,3
105,1975,26
110,1975,24
115,1975,18
120,1975,200
125,1975,396
130,1975,148
135,1975,185
140,1975,8
145,1975,1
150,1975,2
156,1975,10
161,1975,135
166,1975,636
171,1975,1261
176,1975,873
181,1975,1132
186,1975,41
191,1975,27
196,1975,6
201,1975,77
206,1975,999
211,1975,310
217,1975,839
222,1975,465
227,1975,82
232,1975,47
237,1975,0
242,1975,61
248,1975,316
253,1975,952
258,1975,731
263,1975,61
268,1975,57
273,1975,29
278,1975,24
283,1975,7
288,1975,52
293,1975,46
298,1975,45
303,1975,37
309,1975,6
314,1975,20
319,1975,14
324,1975,3
329,1975,1
334,1975,1
64,1976,0
69,1976,1
74,1976,0
79,1976,18
84,1976,0
89,1976,21
95,1976,0
100,1976,2
105,1976,1
110,1976,19
115,1976,124
120,1976,292
125,1976,100
130,1976,55
135,1976,8
140,1976,5
145,1976,9
150,1976,12
156,1976,12
161,1976,240
166,1976,1091
171,1976,1073
176,1976,714
181,1976,138
186,1976,31
191,1976,16
196,1976,57
201,1976,51
206,1976,291
211,1976,2285
217,1976,1739
222,1976,76
227,1976,19
232,1976,28
237,1976,43
242,1976,107
248,1976,306
253,1976,995
258,1976,3383
263,1976,225
268,1976,8
273,1976,44
278,1976,36
283,1976,49
288,1976,35
293,1976,137
298,1976,157
303,1976,230
309,1976,1993
314,1976,330
319,1976,31
324,1976,1
329,1976,0
334,1976,0
64,1977,0
69,1977,0
74,1977,5
79,1977,2
84,1977,6
89,1977,2
95,1977,6
100,1977,18
105,1977,71
110,1977,2
115,1977,389
120,1977,134
125,1977,179
130,1977,34
135,1977,11
140,1977,1
145,1977,2
150,1977,5
156,1977,54
161,1977,1041
166,1977,1450
171,1977,661
176,1977,179
181,1977,72
186,1977,7
191,1977,6
196,1977,21
201,1977,553
206,1977,929
211,1977,1999
217,1977,925
222,1977,77
227,1977,30
232,1977,39
237,1977,103
242,1977,1402
248,1977,2231
253,1977,558
258,1977,63
263,1977,40
268,1977,6
273,1977,29
278,1977,79
283,1977,92
288,1977,565
293,1977,421
298,1977,78
303,1977,195
309,1977,19
314,1977,19
319,1977,9
324,1977,4
329,1977,1
334,1977,1
64,1978,1
69,1978,1
74,1978,0
79,1978,6
84,1978,0
89,1978,58
95,1978,53
100,1978,60
105,1978,66
110,1978,108
115,1978,36
120,1978,613
125,1978,375
130,1978,233
135,1978,26
140,1978,10
145,1978,5
150,1978,5
156,1978,6
161,1978,55
166,1978,1154
171,1978,2048
176,1978,1845
181,1978,863
186,1978,46
191,1978,7
196,1978,3
201,1978,170
206,1978,559
211,1978,1132
217,1978,1202
222,1978,313
227,1978,3
232,1978,6
237,1978,81
242,1978,488
248,1978,817
253,1978,292
258,1978,157
263,1978,89
268,1978,8
273,1978,36
278,1978,51
283,1978,65
288,1978,199
293,1978,338
298,1978,351
303,1978,59
309,1978,17
314,1978,72
319,1978,14
324,1978,4
329,1978,1
334,1978,0
64,1979,0
69,1979,2
74,1979,1
79,1979,0
84,1979,0
89,1979,5
95,1979,35
100,1979,40
105,1979,170
110,1979,20
115,1979,134
120,1979,58
125,1979,13
130,1979,47
135,1979,9
140,1979,3
145,1979,3
150,1979,0
156,1979,12
161,1979,141
166,1979,217
171,1979,131
176,1979,292
181,1979,22
186,1979,22
191,1979,7
196,1979,41
201,1979,321
206,1979,697
211,1979,968
217,1979,313
222,1979,70
227,1979,25
232,1979,33
237,1979,237
242,1979,2689
248,1979,320
253,1979,302
258,1979,40
263,1979,53
268,1979,75
273,1979,54
278,1979,225
283,1979,591
288,1979,4212
293,1979,798
298,1979,208
303,1979,436
309,1979,72
314,1979,8
319,1979,3
324,1979,7
329,1979,1
334,1979,1
64,1980,2
69,1980,0
74,1980,2
79,1980,6
84,1980,9
89,1980,15
95,1980,13
100,1980,229
105,1980,105
110,1980,14
115,1980,6
120,1980,119
125,1980,148
130,1980,6
135,1980,41
140,1980,1
145,1980,1
150,1980,0
156,1980,32
161,1980,133
166,1980,135
171,1980,750
176,1980,249
181,1980,65
186,1980,21
191,1980,20
196,1980,138
201,1980,374
206,1980,566
211,1980,292
217,1980,184
222,1980,30
227,1980,48
232,1980,16
237,1980,198
242,1980,724
248,1980,1269
253,1980,111
258,1980,49
263,1980,69
268,1980,26
273,1980,29
278,1980,39
283,1980,369
288,1980,376
293,1980,89
298,1980,22
303,1980,1
309,1980,58
314,1980,33
319,1980,14
324,1980,20
329,1980,12
334,1980,6
64,1981,0
69,1981,0
74,1981,0
79,1981,0
84,1981,0
89,1981,3
95,1981,37
100,1981,36
105,1981,88
110,1981,14
115,1981,94
120,1981,353
125,1981,141
130,1981,106
135,1981,12
140,1981,0
145,1981,1
150,1981,0
156,1981,2
161,1981,93
166,1981,130
171,1981,806
176,1981,2635
181,1981,208
186,1981,147
191,1981,4
196,1981,1
201,1981,2
206,1981,64
211,1981,880
217,1981,1407
222,1981,238
227,1981,24
232,1981,27
237,1981,26
242,1981,14
248,1981,30
253,1981,50
258,1981,111
263,1981,95
268,1981,40
273,1981,46
278,1981,28
283,1981,21
288,1981,52
293,1981,23
298,1981,1
303,1981,13
309,1981,8
314,1981,2
319,1981,9
324,1981,7
329,1981,15
334,1981,9
64,1982,0
69,1982,0
74,1982,0
79,1982,0
84,1982,16
89,1982,1
95,1982,8
100,1982,3
105,1982,38
110,1982,7
115,1982,33
120,1982,111
125,1982,67
130,1982,56
135,1982,13
140,1982,9
145,1982,0
150,1982,4
156,1982,29
161,1982,415
166,1982,127
171,1982,156
176,1982,357
181,1982,116
186,1982,60
191,1982,23
196,1982,17
201,1982,44
206,1982,36
211,1982,225
217,1982,151
222,1982,45
227,1982,27
232,1982,61
237,1982,27
242,1982,123
248,1982,155
253,1982,282
258,1982,89
263,1982,165
268,1982,62
273,1982,94
278,1982,26
283,1982,14
288,1982,85
293,1982,54
298,1982,38
303,1982,38
309,1982,43
314,1982,110
319,1982,29
324,1982,18
329,1982,10
334,1982,3
64,1983,0
69,1983,1
74,1983,1
79,1983,0
84,1983,26
89,1983,11
95,1983,8
100,1983,78
105,1983,25
110,1983,37
115,1983,105
120,1983,60
125,1983,29
130,1983,9
135,1983,2
140,1983,2
145,1983,2
150,1983,17
156,1983,33
161,1983,151
166,1983,55
171,1983,235
176,1983,99
181,1983,18
186,1983,8
191,1983,3
196,1983,4
201,1983,40
206,1983,209
211,1983,543
217,1983,242
222,1983,37
227,1983,5
232,1983,17
237,1983,6
242,1983,260
248,1983,127
253,1983,42
258,1983,26
263,1983,0
268,1983,9
273,1983,16
278,1983,7
283,1983,22
288,1983,72
293,1983,61
298,1983,8
303,1983,10
309,1983,1
314,1983,3
319,1983,0
324,1983,2
329,1983,1
334,1983,0
64,1984,0
69,1984,0
74,1984,0
79,1984,0
84,1984,0
89,1984,0
95,1984,0
100,1984,0
105,1984,0
110,1984,1
115,1984,5
120,1984,13
125,1984,38
130,1984,130
135,1984,128
140,1984,17
145,1984,9
150,1984,0
156,1984,0
161,1984,2
166,1984,31
171,1984,272
176,1984,363
181,1984,363
186,1984,114
191,1984,10
196,1984,2
201,1984,26
206,1984,138
211,1984,133
217,1984,230
222,1984,41
227,1984,15
232,1984,2
237,1984,18
242,1984,12
248,1984,21
253,1984,13
258,1984,30
263,1984,182
268,1984,115
273,1984,96
278,1984,79
283,1984,19
288,1984,13
293,1984,4
298,1984,15
303,1984,15
309,1984,26
314,1984,24
319,1984,78
324,1984,80
329,1984,31
334,1984,12
64,1985,3
69,1985,1
74,1985,0
79,1985,7
84,1985,4
89,1985,12
95,1985,3
100,1985,116
105,1985,74
110,1985,61
115,1985,159
120,1985,23
125,1985,100
130,1985,8
135,1985,4
140,1985,2
145,1985,1
150,1985,176
156,1985,1837
161,1985,2550
166,1985,1020
171,1985,1029
176,1985,263
181,1985,16
186,1985,5
191,1985,469
196,1985,2226
201,1985,2272
206,1985,747
211,1985,48
217,1985,4
222,1985,5
227,1985,83
232,1985,589
237,1985,1660
242,1985,161
248,1985,148
253,1985,49
258,1985,20
263,1985,18
268,1985,29
273,1985,47
278,1985,171
283,1985,74
288,1985,55
293,1985,97
298,1985,38
303,1985,36
309,1985,9
314,1985,10
319,1985,0
324,1985,3
329,1985,5
334,1985,0
64,1986,0
69,1986,0
74,1986,0
79,1986,1
84,1986,0
89,1986,1
95,1986,1
100,1986,12
105,1986,9
110,1986,89
115,1986,217
120,1986,170
125,1986,289
130,1986,64
135,1986,56
140,1986,11
145,1986,0
150,1986,0
156,1986,6
161,1986,30
166,1986,117
171,1986,882
176,1986,332
181,1986,184
186,1986,16
191,1986,34
196,1986,7
201,1986,40
206,1986,163
211,1986,134
217,1986,75
222,1986,22
227,1986,16
232,1986,10
237,1986,6
242,1986,9
248,1986,26
253,1986,52
258,1986,52
263,1986,50
268,1986,10
273,1986,11
278,1986,9
283,1986,4
288,1986,2
293,1986,0
298,1986,12
303,1986,7
309,1986,9
314,1986,12
319,1986,27
324,1986,3
329,1986,16
334,1986,1
64,1987,0
69,1987,1
74,1987,5
79,1987,6
84,1987,10
89,1987,1
95,1987,0
100,1987,41
105,1987,0
110,1987,3
115,1987,32
120,1987,32
125,1987,28
130,1987,12
135,1987,18
140,1987,2
145,1987,3
150,1987,2
156,1987,42
161,1987,159
166,1987,146
171,1987,167
176,1987,57
181,1987,28
186,1987,27
191,1987,14
196,1987,13
201,1987,92
206,1987,125
211,1987,153
217,1987,85
222,1987,6
227,1987,9
232,1987,33
237,1987,210
242,1987,397
248,1987,192
253,1987,120
258,1987,221
263,1987,14
268,1987,20
273,1987,9
278,1987,24
283,1987,58
288,1987,144
293,1987,269
298,1987,308
303,1987,238
309,1987,68
314,1987,8
319,1987,46
324,1987,22
329,1987,8
334,1987,7
64,1988,0
69,1988,0
74,1988,5
79,1988,0
84,1988,9
89,1988,21
95,1988,15
100,1988,0
105,1988,9
110,1988,67
115,1988,0
120,1988,198
125,1988,153
130,1988,7
135,1988,7
140,1988,0
145,1988,0
150,1988,7
156,1988,31
161,1988,351
166,1988,432
171,1988,449
176,1988,258
181,1988,70
186,1988,10
191,1988,3
196,1988,61
201,1988,344
206,1988,435
211,1988,576
217,1988,142
222,1988,15
227,1988,25
232,1988,23
237,1988,170
242,1988,440
248,1988,251
253,1988,126
258,1988,126
263,1988,108
268,1988,49
273,1988,17
278,1988,28
283,1988,9
288,1988,1
293,1988,60
298,1988,78
303,1988,18
309,1988,1
314,1988,35
319,1988,9
324,1988,46
329,1988,0
334,1988,0
64,1989,0
69,1989,0
74,1989,33
79,1989,2
84,1989,0
89,1989,6
95,1989,79
100,1989,43
105,1989,22
110,1989,36
115,1989,135
120,1989,65
125,1989,59
130,1989,26
135,1989,2
140,1989,0
145,1989,10
150,1989,10
156,1989,91
161,1989,228
166,1989,335
171,1989,261
176,1989,194
181,1989,41
186,1989,5
191,1989,15
196,1989,81
201,1989,384
206,1989,492
211,1989,169
217,1989,88
222,1989,24
227,1989,9
232,1989,6
237,1989,64
242,1989,565
248,1989,462
253,1989,425
258,1989,145
263,1989,85
268,1989,78
273,1989,20
278,1989,14
283,1989,21
288,1989,286
293,1989,83
298,1989,597
303,1989,221
309,1989,406
314,1989,525
319,1989,79
324,1989,17
329,1989,19
334,1989,5
64,1990,1
69,1990,0
74,1990,19
79,1990,0
84,1990,118
89,1990,30
95,1990,12
100,1990,0
105,1990,3
110,1990,29
115,1990,94
120,1990,120
125,1990,17
130,1990,10
135,1990,6
140,1990,0
145,1990,0
150,1990,6
156,1990,158
161,1990,401
166,1990,217
171,1990,347
176,1990,44
181,1990,22
186,1990,3
191,1990,5
196,1990,30
201,1990,420
206,1990,346
211,1990,68
217,1990,20
222,1990,13
227,1990,1
232,1990,6
237,1990,117
242,1990,35
248,1990,129
253,1990,36
258,1990,20
263,1990,4
268,1990,3
273,1990,10
278,1990,6
283,1990,3
288,1990,43
293,1990,12
298,1990,25
303,1990,10
309,1990,8
314,1990,7
319,1990,0
324,1990,3
329,1990,0
334,1990,0
64,1991,1
69,1991,0
74,1991,1
79,1991,0
84,1991,4
89,1991,17
95,1991,NA
100,1991,NA
105,1991,NA
110,1991,NA
115,1991,NA
120,1991,NA
125,1991,NA
130,1991,NA
135,1991,NA
140,1991,NA
145,1991,NA
150,1991,NA
156,1991,50
161,1991,276
166,1991,184
171,1991,163
176,1991,7
181,1991,10
186,1991,5
191,1991,43
196,1991,102
201,1991,234
206,1991,183
211,1991,57
217,1991,56
222,1991,5
227,1991,10
232,1991,27
237,1991,185
242,1991,627
248,1991,205
253,1991,96
258,1991,5
263,1991,7
268,1991,8
273,1991,163
278,1991,164
283,1991,176
288,1991,33
293,1991,33
298,1991,5
303,1991,7
309,1991,2
314,1991,1
319,1991,0
324,1991,0
329,1991,6
334,1991,3
64,1992,1
69,1992,2
74,1992,12
79,1992,11
84,1992,23
89,1992,80
95,1992,8
100,1992,25
105,1992,1
110,1992,6
115,1992,77
120,1992,35
125,1992,25
130,1992,2
135,1992,3
140,1992,1
145,1992,0
150,1992,37
156,1992,114
161,1992,192
166,1992,461
171,1992,342
176,1992,284
181,1992,7
186,1992,32
191,1992,8
196,1992,3
201,1992,115
206,1992,503
211,1992,99
217,1992,12
222,1992,18
227,1992,5
232,1992,18
237,1992,4
242,1992,4
248,1992,11
253,1992,29
258,1992,1
263,1992,12
268,1992,3
273,1992,2
278,1992,6
283,1992,6
288,1992,7
293,1992,3
298,1992,0
303,1992,1
309,1992,2
314,1992,1
319,1992,0
324,1992,2
329,1992,0
334,1992,2
64,1993,0
69,1993,0
74,1993,0
79,1993,0
84,1993,2
89,1993,0
95,1993,2
100,1993,0
105,1993,0
110,1993,1
115,1993,13
120,1993,28
125,1993,15
130,1993,6
135,1993,27
140,1993,2
145,1993,4
150,1993,2
156,1993,2
161,1993,59
166,1993,95
171,1993,203
176,1993,144
181,1993,123
186,1993,31
191,1993,11
196,1993,4
201,1993,23
206,1993,133
211,1993,115
217,1993,233
222,1993,29
227,1993,12
232,1993,28
237,1993,19
242,1993,92
248,1993,34
253,1993,215
258,1993,182
263,1993,251
268,1993,78
273,1993,20
278,1993,5
283,1993,5
288,1993,20
293,1993,3
298,1993,5
303,1993,31
309,1993,76
314,1993,32
319,1993,15
324,1993,43
329,1993,0
334,1993,16
64,1994,0
69,1994,6
74,1994,0
79,1994,1
84,1994,0
89,1994,1
95,1994,57
100,1994,37
105,1994,11
110,1994,31
115,1994,38
120,1994,49
125,1994,41
130,1994,2
135,1994,4
140,1994,0
145,1994,1
150,1994,36
156,1994,72
161,1994,717
166,1994,747
171,1994,207
176,1994,91
181,1994,78
186,1994,9
191,1994,6
196,1994,59
201,1994,412
206,1994,589
211,1994,356
217,1994,68
222,1994,16
227,1994,0
232,1994,7
237,1994,218
242,1994,969
248,1994,850
253,1994,213
258,1994,28
263,1994,11
268,1994,2
273,1994,4
278,1994,6
283,1994,14
288,1994,220
293,1994,414
298,1994,138
303,1994,166
309,1994,28
314,1994,10
319,1994,12
324,1994,5
329,1994,0
334,1994,3
64,1995,0
69,1995,1
74,1995,0
79,1995,0
84,1995,6
89,1995,5
95,1995,1
100,1995,14
105,1995,21
110,1995,83
115,1995,155
120,1995,160
125,1995,69
130,1995,16
135,1995,8
140,1995,6
145,1995,0
150,1995,1
156,1995,8
161,1995,48
166,1995,250
171,1995,868
176,1995,444
181,1995,268
186,1995,21
191,1995,5
196,1995,0
201,1995,11
206,1995,160
211,1995,764
217,1995,833
222,1995,254
227,1995,72
232,1995,8
237,1995,6
242,1995,30
248,1995,116
253,1995,884
258,1995,1365
263,1995,156
268,1995,129
273,1995,42
278,1995,12
283,1995,6
288,1995,13
293,1995,19
298,1995,11
303,1995,35
309,1995,6
314,1995,3
319,1995,3
324,1995,6
329,1995,2
334,1995,1
64,1996,0
69,1996,0
74,1996,0
79,1996,0
84,1996,0
89,1996,2
95,1996,0
100,1996,6
105,1996,11
110,1996,14
115,1996,5
120,1996,92
125,1996,39
130,1996,87
135,1996,41
140,1996,16
145,1996,5
150,1996,4
156,1996,3
161,1996,10
166,1996,222
171,1996,165
176,1996,342
181,1996,172
186,1996,42
191,1996,17
196,1996,11
201,1996,66
206,1996,270
211,1996,223
217,1996,857
222,1996,315
227,1996,83
232,1996,33
237,1996,22
242,1996,115
248,1996,273
253,1996,752
258,1996,1138
263,1996,719
268,1996,824
273,1996,54
278,1996,72
283,1996,40
288,1996,44
293,1996,36
298,1996,488
303,1996,560
309,1996,93
314,1996,9
319,1996,7
324,1996,1
329,1996,1
334,1996,2
64,1997,0
69,1997,1
74,1997,21
79,1997,6
84,1997,0
89,1997,9
95,1997,103
100,1997,5
105,1997,11
110,1997,55
115,1997,37
120,1997,58
125,1997,31
130,1997,1
135,1997,1
140,1997,0
145,1997,0
150,1997,17
156,1997,103
161,1997,199
166,1997,91
171,1997,77
176,1997,59
181,1997,50
186,1997,14
191,1997,2
196,1997,12
201,1997,19
206,1997,99
211,1997,148
217,1997,10
222,1997,9
227,1997,17
232,1997,6
237,1997,126
242,1997,267
248,1997,178
253,1997,60
258,1997,2
263,1997,17
268,1997,20
273,1997,10
278,1997,16
283,1997,31
288,1997,105
293,1997,31
298,1997,62
303,1997,0
309,1997,9
314,1997,2
319,1997,15
324,1997,2
329,1997,0
334,1997,1
64,1998,0
69,1998,0
74,1998,2
79,1998,0
84,1998,0
89,1998,60
95,1998,6
100,1998,51
105,1998,65
110,1998,80
115,1998,62
120,1998,17
125,1998,2
130,1998,4
135,1998,1
140,1998,29
145,1998,151
150,1998,212
156,1998,302
161,1998,128
166,1998,43
171,1998,12
176,1998,4
181,1998,10
186,1998,45
191,1998,139
196,1998,178
201,1998,57
206,1998,39
211,1998,54
217,1998,27
222,1998,16
227,1998,45
232,1998,91
237,1998,102
242,1998,119
248,1998,42
253,1998,17
258,1998,17
263,1998,5
268,1998,41
273,1998,13
278,1998,35
283,1998,19
288,1998,61
293,1998,19
298,1998,11
303,1998,11
309,1998,11
314,1998,1
319,1998,12
324,1998,6
329,1998,0
334,1998,8
64,1999,1
69,1999,0
74,1999,1
79,1999,7
84,1999,34
89,1999,14
95,1999,9
100,1999,5
105,1999,25
110,1999,34
115,1999,37
120,1999,10
125,1999,9
130,1999,6
135,1999,0
140,1999,0
145,1999,1
150,1999,10
156,1999,26
161,1999,108
166,1999,135
171,1999,80
176,1999,36
181,1999,14
186,1999,4
191,1999,7
196,1999,75
201,1999,119
206,1999,75
211,1999,34
217,1999,13
222,1999,16
227,1999,9
232,1999,31
237,1999,66
242,1999,68
248,1999,45
253,1999,27
258,1999,30
263,1999,21
268,1999,20
273,1999,18
278,1999,6
283,1999,8
288,1999,15
293,1999,0
298,1999,4
303,1999,13
309,1999,3
314,1999,4
319,1999,2
324,1999,2
329,1999,2
334,1999,0
64,2000,0
69,2000,0
74,2000,0
79,2000,0
84,2000,0
89,2000,4
95,2000,0
100,2000,3
105,2000,3
110,2000,14
115,2000,7
120,2000,8
125,2000,9
130,2000,17
135,2000,2
140,2000,0
145,2000,5
150,2000,0
156,2000,0
161,2000,21
166,2000,42
171,2000,115
176,2000,126
181,2000,45
186,2000,11
191,2000,2
196,2000,5
201,2000,6
206,2000,8
211,2000,13
217,2000,21
222,2000,6
227,2000,5
232,2000,3
237,2000,2
242,2000,1
248,2000,8
253,2000,5
258,2000,5
263,2000,12
268,2000,10
273,2000,8
278,2000,4
283,2000,0
288,2000,0
293,2000,3
298,2000,8
303,2000,4
309,2000,14
314,2000,7
319,2000,0
324,2000,0
329,2000,0
334,2000,0
64,2001,0
69,2001,0
74,2001,1
79,2001,2
84,2001,0
89,2001,0
95,2001,1
100,2001,9
105,2001,0
110,2001,19
115,2001,16
120,2001,40
125,2001,18
130,2001,9
135,2001,0
140,2001,0
145,2001,4
150,2001,1
156,2001,5
161,2001,36
166,2001,49
171,2001,44
176,2001,41
181,2001,9
186,2001,4
191,2001,0
196,2001,13
201,2001,66
206,2001,118
211,2001,85
217,2001,20
222,2001,13
227,2001,2
232,2001,6
237,2001,28
242,2001,78
248,2001,85
253,2001,165
258,2001,23
263,2001,26
268,2001,0
273,2001,3
278,2001,8
283,2001,13
288,2001,14
293,2001,12
298,2001,28
303,2001,23
309,2001,10
314,2001,2
319,2001,1
324,2001,0
329,2001,0
334,2001,5
64,2002,1
69,2002,0
74,2002,0
79,2002,4
84,2002,0
89,2002,7
95,2002,10
100,2002,16
105,2002,23
110,2002,10
115,2002,25
120,2002,17
125,2002,14
130,2002,0
135,2002,1
140,2002,1
145,2002,4
150,2002,80
156,2002,100
161,2002,116
166,2002,160
171,2002,21
176,2002,55
181,2002,13
186,2002,4
191,2002,13
196,2002,16
201,2002,112
206,2002,191
211,2002,135
217,2002,47
222,2002,5
227,2002,8
232,2002,17
237,2002,74
242,2002,139
248,2002,141
253,2002,101
258,2002,59
263,2002,20
268,2002,18
273,2002,18
278,2002,17
283,2002,11
288,2002,17
293,2002,30
298,2002,17
303,2002,12
309,2002,0
314,2002,1
319,2002,7
324,2002,3
329,2002,3
334,2002,2
64,2003,0
69,2003,1
74,2003,0
79,2003,1
84,2003,0
89,2003,5
95,2003,6
100,2003,4
105,2003,18
110,2003,34
115,2003,29
120,2003,16
125,2003,48
130,2003,12
135,2003,2
140,2003,0
145,2003,1
150,2003,5
156,2003,39
161,2003,115
166,2003,224
171,2003,168
176,2003,62
181,2003,26
186,2003,8
191,2003,5
196,2003,25
201,2003,29
206,2003,124
211,2003,54
217,2003,21
222,2003,17
227,2003,5
232,2003,16
237,2003,31
242,2003,90
248,2003,62
253,2003,42
258,2003,41
263,2003,29
268,2003,18
273,2003,12
278,2003,15
283,2003,17
288,2003,22
293,2003,3
298,2003,7
303,2003,6
309,2003,14
314,2003,19
319,2003,1
324,2003,8
329,2003,2
334,2003,4
64,2004,0
69,2004,2
74,2004,4
79,2004,4
84,2004,2
89,2004,0
95,2004,0
100,2004,10
105,2004,21
110,2004,16
115,2004,41
120,2004,18
125,2004,8
130,2004,11
135,2004,4
140,2004,1
145,2004,2
150,2004,17
156,2004,39
161,2004,132
166,2004,144
171,2004,35
176,2004,87
181,2004,15
186,2004,2
191,2004,4
196,2004,14
201,2004,70
206,2004,236
211,2004,179
217,2004,54
222,2004,20
227,2004,6
232,2004,21
237,2004,23
242,2004,35
248,2004,29
253,2004,0
258,2004,12
263,2004,8
268,2004,12
273,2004,5
278,2004,5
283,2004,7
288,2004,3
293,2004,3
298,2004,14
303,2004,31
309,2004,6
314,2004,11
319,2004,4
324,2004,4
329,2004,5
334,2004,0
64,2005,0
69,2005,0
74,2005,1
79,2005,0
84,2005,0
89,2005,0
95,2005,0
100,2005,25
105,2005,7
110,2005,16
115,2005,9
120,2005,119
125,2005,76
130,2005,38
135,2005,24
140,2005,0
145,2005,5
150,2005,1
156,2005,3
161,2005,36
166,2005,241
171,2005,577
176,2005,685
181,2005,279
186,2005,87
191,2005,26
196,2005,10
201,2005,83
206,2005,507
211,2005,1674
217,2005,605
222,2005,76
227,2005,29
232,2005,9
237,2005,7
242,2005,22
248,2005,34
253,2005,134
258,2005,121
263,2005,144
268,2005,67
273,2005,29
278,2005,28
283,2005,12
288,2005,23
293,2005,16
298,2005,25
303,2005,38
309,2005,25
314,2005,20
319,2005,13
324,2005,4
329,2005,1
334,2005,24
64,2006,0
69,2006,0
74,2006,2
79,2006,0
84,2006,1
89,2006,1
95,2006,0
100,2006,9
105,2006,28
110,2006,15
115,2006,54
120,2006,70
125,2006,41
130,2006,28
135,2006,6
140,2006,2
145,2006,0
150,2006,1
156,2006,25
161,2006,75
166,2006,389
171,2006,804
176,2006,491
181,2006,234
186,2006,27
191,2006,0
196,2006,18
201,2006,46
206,2006,426
211,2006,232
217,2006,55
222,2006,20
227,2006,3
232,2006,3
237,2006,37
242,2006,132
248,2006,143
253,2006,71
258,2006,75
263,2006,49
268,2006,15
273,2006,5
278,2006,25
283,2006,5
288,2006,23
293,2006,43
298,2006,24
303,2006,26
309,2006,9
314,2006,16
319,2006,18
324,2006,4
329,2006,6
334,2006,1
64,2007,3
69,2007,0
74,2007,0
79,2007,0
84,2007,4
89,2007,12
95,2007,2
100,2007,10
105,2007,36
110,2007,55
115,2007,31
120,2007,21
125,2007,17
130,2007,11
135,2007,1
140,2007,4
145,2007,3
150,2007,4
156,2007,12
161,2007,54
166,2007,123
171,2007,142
176,2007,50
181,2007,25
186,2007,4
191,2007,0
196,2007,11
201,2007,117
206,2007,127
211,2007,109
217,2007,61
222,2007,7
227,2007,3
232,2007,7
237,2007,144
242,2007,700
248,2007,468
253,2007,327
258,2007,120
263,2007,19
268,2007,24
273,2007,30
278,2007,38
283,2007,275
288,2007,199
293,2007,458
298,2007,560
303,2007,446
309,2007,113
314,2007,40
319,2007,1
324,2007,1
329,2007,0
334,2007,2
64,2008,0
69,2008,0
74,2008,0
79,2008,0
84,2008,2
89,2008,4
95,2008,6
100,2008,47
105,2008,72
110,2008,57
115,2008,179
120,2008,196
125,2008,157
130,2008,159
135,2008,25
140,2008,29
145,2008,11
150,2008,6
156,2008,24
161,2008,254
166,2008,375
171,2008,1482
176,2008,2252
181,2008,1275
186,2008,311
191,2008,80
196,2008,1
201,2008,28
206,2008,441
211,2008,1803
217,2008,1868
222,2008,745
227,2008,41
232,2008,12
237,2008,12
242,2008,14
248,2008,118
253,2008,211
258,2008,566
263,2008,80
268,2008,127
273,2008,12
278,2008,22
283,2008,3
288,2008,4
293,2008,23
298,2008,48
303,2008,49
309,2008,54
314,2008,23
319,2008,12
324,2008,5
329,2008,1
334,2008,0
64,2009,3
69,2009,0
74,2009,0
79,2009,15
84,2009,0
89,2009,0
95,2009,28
100,2009,42
105,2009,16
110,2009,65
115,2009,17
120,2009,2
125,2009,63
130,2009,20
135,2009,14
140,2009,3
145,2009,8
150,2009,2
156,2009,29
161,2009,155
166,2009,212
171,2009,345
176,2009,166
181,2009,86
186,2009,16
191,2009,4
196,2009,13
201,2009,71
206,2009,148
211,2009,524
217,2009,73
222,2009,11
227,2009,2
232,2009,2
237,2009,2
242,2009,57
248,2009,79
253,2009,260
258,2009,239
263,2009,61
268,2009,61
273,2009,7
278,2009,16
283,2009,6
288,2009,10
293,2009,29
298,2009,5
303,2009,23
309,2009,22
314,2009,47
319,2009,15
324,2009,2
329,2009,11
334,2009,23
64,2010,9
69,2010,4
74,2010,6
79,2010,2
84,2010,17
89,2010,3
95,2010,9
100,2010,52
105,2010,15
110,2010,62
115,2010,21
120,2010,4
125,2010,122
130,2010,71
135,2010,3
140,2010,4
145,2010,7
150,2010,11
156,2010,15
161,2010,30
166,2010,263
171,2010,375
176,2010,230
181,2010,111
186,2010,21
191,2010,5
196,2010,11
201,2010,71
206,2010,457
211,2010,552
217,2010,194
222,2010,4
227,2010,21
232,2010,13
237,2010,100
242,2010,404
248,2010,911
253,2010,1001
258,2010,188
263,2010,33
268,2010,16
273,2010,16
278,2010,24
283,2010,57
288,2010,73
293,2010,95
298,2010,197
303,2010,70
309,2010,12
314,2010,12
319,2010,10
324,2010,1
329,2010,4
334,2010,1
64,2011,0
69,2011,0
74,2011,0
79,2011,2
84,2011,0
89,2011,0
95,2011,1
100,2011,2
105,2011,28
110,2011,10
115,2011,21
120,2011,62
125,2011,51
130,2011,219
135,2011,43
140,2011,16
145,2011,13
150,2011,9
156,2011,0
161,2011,8
166,2011,36
171,2011,121
176,2011,282
181,2011,235
186,2011,45
191,2011,9
196,2011,2
201,2011,1
206,2011,11
211,2011,55
217,2011,82
222,2011,202
227,2011,24
232,2011,8
237,2011,3
242,2011,3
248,2011,9
253,2011,9
258,2011,22
263,2011,45
268,2011,42
273,2011,35
278,2011,12
283,2011,20
288,2011,25
293,2011,5
298,2011,12
303,2011,13
309,2011,7
314,2011,5
319,2011,9
324,2011,5
329,2011,0
334,2011,10
